{"cameraMode":{"drawMode":0,"name":"Shaded","section":"Shading Mode"},"sceneLighting":true,"audioPlay":false,"sceneViewState":{"showFog":true,"showMaterialUpdate":false,"showSkybox":true,"showFlares":true,"showImageEffects":true,"showParticleSystems":true},"in2DMode":false,"pivot":{"x":-1592.323486328125,"y":230.91355895996095,"z":-1443.126953125},"rotation":{"x":-0.029540937393903734,"y":0.9634580612182617,"z":-0.23822350800037385,"w":-0.11939868330955506},"size":24.240205764770509,"orthographic":true}