{"cameraMode":{"drawMode":0,"name":"Shaded","section":"Shading Mode"},"sceneLighting":true,"audioPlay":false,"sceneViewState":{"showFog":true,"showMaterialUpdate":false,"showSkybox":true,"showFlares":true,"showImageEffects":true,"showParticleSystems":true},"in2DMode":false,"pivot":{"x":124.50489044189453,"y":30.504812240600587,"z":-1805.880859375},"rotation":{"x":0.22283756732940675,"y":0.18434876203536988,"z":-0.04283322021365166,"w":0.9563643932342529},"size":1486.3365478515625,"orthographic":false}