{"cameraMode":{"drawMode":0,"name":"Shaded","section":"Shading Mode"},"sceneLighting":true,"audioPlay":false,"sceneViewState":{"showFog":true,"showMaterialUpdate":false,"showSkybox":true,"showFlares":true,"showImageEffects":true,"showParticleSystems":true},"in2DMode":false,"pivot":{"x":-1157.9000244140625,"y":153.5,"z":-1104.5999755859375},"rotation":{"x":-0.0711991935968399,"y":0.9289122223854065,"z":-0.2594803273677826,"w":-0.25482890009880068},"size":441.06390380859377,"orthographic":true}