{"cameraMode":{"drawMode":0,"name":"Shaded","section":"Shading Mode"},"sceneLighting":false,"audioPlay":false,"sceneViewState":{"showFog":true,"showMaterialUpdate":false,"showSkybox":false,"showFlares":true,"showImageEffects":true,"showParticleSystems":true},"in2DMode":false,"pivot":{"x":0.0,"y":7.034916400909424,"z":0.000003993511199951172},"rotation":{"x":0.0005141862784512341,"y":-0.9977487921714783,"z":0.06684692949056626,"w":0.007988356985151768},"size":23.2984619140625,"orthographic":false}