{"cameraMode":{"drawMode":0,"name":"Shaded","section":"Shading Mode"},"sceneLighting":true,"audioPlay":false,"sceneViewState":{"showFog":true,"showMaterialUpdate":false,"showSkybox":true,"showFlares":true,"showImageEffects":true,"showParticleSystems":true},"in2DMode":false,"pivot":{"x":187.0,"y":3.353614330291748,"z":14.800000190734864},"rotation":{"x":-0.02158292755484581,"y":-0.6230628490447998,"z":-0.017201827839016916,"w":0.7817058563232422},"size":30.714763641357423,"orthographic":false}